<?xml version="1.0" encoding="UTF-8"?>
<configurationDescriptor version="100">
  <logicalFolder name="root" displayName="root" projectFiles="true" kind="ROOT">
    <logicalFolder name="HeaderFiles"
                   displayName="Header Files"
                   projectFiles="true">
      <itemPath>src/ControlRobot.h</itemPath>
      <itemPath>src/IRobotConnection.h</itemPath>
      <itemPath>src/IRobotInstructionSet.h</itemPath>
      <itemPath>src/Instruction.h</itemPath>
      <itemPath>src/Laberinto.h</itemPath>
      <itemPath>src/Serial.h</itemPath>
      <itemPath>src/tinyxml/tinystr.h</itemPath>
      <itemPath>src/tinyxml/tinyxml.h</itemPath>
    </logicalFolder>
    <logicalFolder name="ResourceFiles"
                   displayName="Resource Files"
                   projectFiles="true">
      <logicalFolder name="xml" displayName="xml" projectFiles="true">
        <itemPath>xml/Laberinto.xml</itemPath>
        <itemPath>xml/Rejilla.xml</itemPath>
      </logicalFolder>
    </logicalFolder>
    <logicalFolder name="SourceFiles"
                   displayName="Source Files"
                   projectFiles="true">
      <itemPath>src/ControlRobot.cpp</itemPath>
      <itemPath>src/Ejemplo.cpp</itemPath>
      <itemPath>src/IRobotConnection.cpp</itemPath>
      <itemPath>src/IRobotInstructionSet.cpp</itemPath>
      <itemPath>src/Instruction.cpp</itemPath>
      <itemPath>src/Laberinto.cpp</itemPath>
      <itemPath>src/Principal.cpp</itemPath>
      <itemPath>src/Serial.cpp</itemPath>
      <itemPath>src/Sigue_linea.cpp</itemPath>
      <itemPath>src/tinyxml/tinystr.cpp</itemPath>
      <itemPath>src/tinyxml/tinyxml.cpp</itemPath>
      <itemPath>src/tinyxml/tinyxmlerror.cpp</itemPath>
      <itemPath>src/tinyxml/tinyxmlparser.cpp</itemPath>
    </logicalFolder>
    <logicalFolder name="ExternalFiles"
                   displayName="Important Files"
                   projectFiles="false">
      <itemPath>Makefile</itemPath>
    </logicalFolder>
  </logicalFolder>
  <sourceRootList>
    <Elem>libs</Elem>
    <Elem>xml</Elem>
  </sourceRootList>
  <projectmakefile>Makefile</projectmakefile>
  <confs>
    <conf name="Debug" type="1">
      <toolsSet>
        <compilerSet>GNU|GNU</compilerSet>
        <dependencyChecking>true</dependencyChecking>
        <rebuildPropChanged>false</rebuildPropChanged>
      </toolsSet>
      <compileType>
        <cTool>
          <standard>10</standard>
        </cTool>
        <ccTool>
          <standard>8</standard>
        </ccTool>
        <linkerTool>
          <linkerLibItems>
            <linkerOptionItem>-lwiringPi</linkerOptionItem>
          </linkerLibItems>
        </linkerTool>
      </compileType>
      <item path="src/ControlRobot.cpp" ex="false" tool="1" flavor2="0">
      </item>
      <item path="src/ControlRobot.h" ex="false" tool="3" flavor2="0">
      </item>
      <item path="src/Ejemplo.cpp" ex="false" tool="1" flavor2="0">
      </item>
      <item path="src/IRobotConnection.cpp" ex="false" tool="1" flavor2="0">
      </item>
      <item path="src/IRobotConnection.h" ex="false" tool="3" flavor2="0">
      </item>
      <item path="src/IRobotInstructionSet.cpp" ex="false" tool="1" flavor2="0">
      </item>
      <item path="src/IRobotInstructionSet.h" ex="false" tool="3" flavor2="0">
      </item>
      <item path="src/Instruction.cpp" ex="false" tool="1" flavor2="0">
      </item>
      <item path="src/Instruction.h" ex="false" tool="3" flavor2="0">
      </item>
      <item path="src/Laberinto.cpp" ex="false" tool="1" flavor2="0">
      </item>
      <item path="src/Laberinto.h" ex="false" tool="3" flavor2="0">
      </item>
      <item path="src/Principal.cpp" ex="false" tool="1" flavor2="0">
      </item>
      <item path="src/Serial.cpp" ex="false" tool="1" flavor2="0">
      </item>
      <item path="src/Serial.h" ex="false" tool="3" flavor2="0">
      </item>
      <item path="src/Sigue_linea.cpp" ex="false" tool="1" flavor2="0">
      </item>
      <item path="src/tinyxml/tinystr.cpp" ex="false" tool="1" flavor2="0">
      </item>
      <item path="src/tinyxml/tinystr.h" ex="false" tool="3" flavor2="0">
      </item>
      <item path="src/tinyxml/tinyxml.cpp" ex="false" tool="1" flavor2="0">
      </item>
      <item path="src/tinyxml/tinyxml.h" ex="false" tool="3" flavor2="0">
      </item>
      <item path="src/tinyxml/tinyxmlerror.cpp" ex="false" tool="1" flavor2="0">
      </item>
      <item path="src/tinyxml/tinyxmlparser.cpp" ex="false" tool="1" flavor2="0">
      </item>
      <item path="xml/Laberinto.xml" ex="false" tool="3" flavor2="0">
      </item>
      <item path="xml/Rejilla.xml" ex="false" tool="3" flavor2="0">
      </item>
    </conf>
    <conf name="Release" type="1">
      <toolsSet>
        <compilerSet>default</compilerSet>
        <dependencyChecking>true</dependencyChecking>
        <rebuildPropChanged>false</rebuildPropChanged>
      </toolsSet>
      <compileType>
        <cTool>
          <developmentMode>5</developmentMode>
        </cTool>
        <ccTool>
          <developmentMode>5</developmentMode>
        </ccTool>
        <fortranCompilerTool>
          <developmentMode>5</developmentMode>
        </fortranCompilerTool>
        <asmTool>
          <developmentMode>5</developmentMode>
        </asmTool>
      </compileType>
      <item path="src/ControlRobot.cpp" ex="false" tool="1" flavor2="0">
      </item>
      <item path="src/ControlRobot.h" ex="false" tool="3" flavor2="0">
      </item>
      <item path="src/Ejemplo.cpp" ex="false" tool="1" flavor2="0">
      </item>
      <item path="src/IRobotConnection.cpp" ex="false" tool="1" flavor2="0">
      </item>
      <item path="src/IRobotConnection.h" ex="false" tool="3" flavor2="0">
      </item>
      <item path="src/IRobotInstructionSet.cpp" ex="false" tool="1" flavor2="0">
      </item>
      <item path="src/IRobotInstructionSet.h" ex="false" tool="3" flavor2="0">
      </item>
      <item path="src/Instruction.cpp" ex="false" tool="1" flavor2="0">
      </item>
      <item path="src/Instruction.h" ex="false" tool="3" flavor2="0">
      </item>
      <item path="src/Laberinto.cpp" ex="false" tool="1" flavor2="0">
      </item>
      <item path="src/Laberinto.h" ex="false" tool="3" flavor2="0">
      </item>
      <item path="src/Principal.cpp" ex="false" tool="1" flavor2="0">
      </item>
      <item path="src/Serial.cpp" ex="false" tool="1" flavor2="0">
      </item>
      <item path="src/Serial.h" ex="false" tool="3" flavor2="0">
      </item>
      <item path="src/Sigue_linea.cpp" ex="false" tool="1" flavor2="0">
      </item>
      <item path="src/tinyxml/tinystr.cpp" ex="false" tool="1" flavor2="0">
      </item>
      <item path="src/tinyxml/tinystr.h" ex="false" tool="3" flavor2="0">
      </item>
      <item path="src/tinyxml/tinyxml.cpp" ex="false" tool="1" flavor2="0">
      </item>
      <item path="src/tinyxml/tinyxml.h" ex="false" tool="3" flavor2="0">
      </item>
      <item path="src/tinyxml/tinyxmlerror.cpp" ex="false" tool="1" flavor2="0">
      </item>
      <item path="src/tinyxml/tinyxmlparser.cpp" ex="false" tool="1" flavor2="0">
      </item>
      <item path="xml/Laberinto.xml" ex="false" tool="3" flavor2="0">
      </item>
      <item path="xml/Rejilla.xml" ex="false" tool="3" flavor2="0">
      </item>
    </conf>
  </confs>
</configurationDescriptor>
